-- --------------------------------------------------------
-- 호스트:                          localhost
-- 서버 버전:                        11.2.2-MariaDB - mariadb.org binary distribution
-- 서버 OS:                        Win64
-- HeidiSQL 버전:                  12.3.0.6589
-- --------------------------------------------------------

/*!40101 SET @OLD_CHARACTER_SET_CLIENT=@@CHARACTER_SET_CLIENT */;
/*!40101 SET NAMES utf8 */;
/*!50503 SET NAMES utf8mb4 */;
/*!40103 SET @OLD_TIME_ZONE=@@TIME_ZONE */;
/*!40103 SET TIME_ZONE='+00:00' */;
/*!40014 SET @OLD_FOREIGN_KEY_CHECKS=@@FOREIGN_KEY_CHECKS, FOREIGN_KEY_CHECKS=0 */;
/*!40101 SET @OLD_SQL_MODE=@@SQL_MODE, SQL_MODE='NO_AUTO_VALUE_ON_ZERO' */;
/*!40111 SET @OLD_SQL_NOTES=@@SQL_NOTES, SQL_NOTES=0 */;


-- fireprjdb 데이터베이스 구조 내보내기
CREATE DATABASE IF NOT EXISTS `fireprjdb` /*!40100 DEFAULT CHARACTER SET utf8mb4 COLLATE utf8mb4_general_ci */;
USE `fireprjdb`;

-- 테이블 fireprjdb.customer_tbl 구조 내보내기
CREATE TABLE IF NOT EXISTS `customer_tbl` (
  `customer_idx` int(11) unsigned NOT NULL DEFAULT 0,
  `customer_name` varchar(100) NOT NULL,
  `customer_tel` varchar(15) NOT NULL,
  `customer_address` varchar(1000) NOT NULL,
  PRIMARY KEY (`customer_idx`),
  UNIQUE KEY `customer_idx_UNIQUE` (`customer_idx`)
) ENGINE=InnoDB DEFAULT CHARSET=utf8mb4 COLLATE=utf8mb4_general_ci;

-- 테이블 데이터 fireprjdb.customer_tbl:~2 rows (대략적) 내보내기
INSERT INTO `customer_tbl` (`customer_idx`, `customer_name`, `customer_tel`, `customer_address`) VALUES
	(1, '뉴럴테크', '041-1234-1234', '충청남도 천안시 불당동 12번지'),
	(2, '시성모바일', '010-3353-9470', '경기도 부천시 상동 134');

-- 테이블 fireprjdb.event_log_tbl 구조 내보내기
CREATE TABLE IF NOT EXISTS `event_log_tbl` (
  `event_log_idx` bigint(20) NOT NULL AUTO_INCREMENT,
  `fk_customer_idx` int(11) unsigned NOT NULL DEFAULT 0,
  `event_id` int(11) unsigned NOT NULL DEFAULT 0,
  `receiver_type` int(11) unsigned NOT NULL DEFAULT 0,
  `receiver_id` int(11) unsigned NOT NULL DEFAULT 0,
  `system_id` int(11) unsigned NOT NULL DEFAULT 0,
  `repeater_id` int(11) unsigned NOT NULL DEFAULT 0,
  `sensor_id` int(11) unsigned NOT NULL DEFAULT 0,
  `sensor_value` varchar(50) NOT NULL DEFAULT '0',
  `inout_id` int(11) unsigned NOT NULL DEFAULT 0,
  `event_datetime` datetime NOT NULL,
  PRIMARY KEY (`event_log_idx`),
  UNIQUE KEY `event_log_idx_UNIQUE` (`event_log_idx`)
) ENGINE=InnoDB DEFAULT CHARSET=utf8mb4 COLLATE=utf8mb4_general_ci;

-- 테이블 데이터 fireprjdb.event_log_tbl:~0 rows (대략적) 내보내기

-- 테이블 fireprjdb.event_tbl 구조 내보내기
CREATE TABLE IF NOT EXISTS `event_tbl` (
  `id` int(11) NOT NULL AUTO_INCREMENT,
  `event_idx` char(12) NOT NULL,
  `system_id_c` varchar(50) NOT NULL,
  `repeater_id_c` varchar(50) NOT NULL DEFAULT '',
  `sensor_id_c` varchar(50) NOT NULL DEFAULT '',
  `sensor_value_c` varchar(50) NOT NULL DEFAULT '',
  `inout_id_c` varchar(50) NOT NULL DEFAULT '',
  `event_desc` varchar(50) NOT NULL DEFAULT '',
  PRIMARY KEY (`id`) USING BTREE,
  UNIQUE KEY `id` (`id`)
) ENGINE=InnoDB AUTO_INCREMENT=242 DEFAULT CHARSET=utf8mb4 COLLATE=utf8mb4_general_ci;

-- 테이블 데이터 fireprjdb.event_tbl:~241 rows (대략적) 내보내기
INSERT INTO `event_tbl` (`id`, `event_idx`, `system_id_c`, `repeater_id_c`, `sensor_id_c`, `sensor_value_c`, `inout_id_c`, `event_desc`) VALUES
	(1, '1', '0', '0', '0', '0', '0', '교류 전원 ON'),
	(2, '2', '0', '0', '0', '0', '0', '교류 전원 OFF/예비전원 ON'),
	(3, '3', '0', '0', '0', '0', '0', '예비전원 이상'),
	(4, '4', '0', '0', '0', '0', '0', '예비전원 정상'),
	(5, '5', '0', '0', '0', '0', '0', '예비전원시험SW ON'),
	(6, '6', '0', '0', '0', '0', '0', '예비전원시험SW OFF'),
	(7, '7', '0', '0', '0', '0', '0', '주경종정지SW ON'),
	(8, '8', '0', '0', '0', '0', '0', '주경종정지SW OFF'),
	(9, '9', '0', '0', '0', '0', '0', '지구경종정지SW ON'),
	(10, '10', '0', '0', '0', '0', '0', '지구경종정지SW OFF'),
	(11, '11', '0', '0', '0', '0', '0', '부저정지SW ON'),
	(12, '12', '0', '0', '0', '0', '0', '부저정지SW OFF'),
	(13, '13', '0', '0', '0', '0', '0', '수동통신점검 ON'),
	(14, '14', '0', '0', '0', '0', '0', '수동통신점검 OFF'),
	(15, '15', '0', '0', '0', '0', '0', '동작시험SW ON'),
	(16, '16', '0', '0', '0', '0', '0', '동작시험SW OFF'),
	(17, '17', '0', '0', '0', '0', '0', '복구SW ON/OFF'),
	(18, '18', '0', '0', '0', '0', '0', '자동통신점검 ON'),
	(19, '19', '0', '0', '0', '0', '0', '자동통신점검 OFF'),
	(20, '20', '0', '0', '0', '0', '0', '화재대표출력 ON'),
	(21, '21', '0', '0', '0', '0', '0', '화재대표출력 OFF'),
	(22, '22', '0', '0', '0', '0', '0', '주경종출력 ON'),
	(23, '23', '0', '0', '0', '0', '0', '주경종출력 OFF'),
	(24, '24', '0', '0', '0', '0', '0', '지구경종출력 ON'),
	(25, '25', '0', '0', '0', '0', '0', '지구경종출력 OFF'),
	(26, '26', '0', '0', '0', '0', '0', '부저출력 ON'),
	(27, '27', '0', '0', '0', '0', '0', '부저출력 OFF'),
	(28, '28', '0', '1~24', '0', '0', '0', '중계기 - 휴즈정상'),
	(29, '29', '0', '1~24', '2', '0', '0', '중계기 - 예비전원정상'),
	(30, '30', '0', '1~24', '4', '0', '0', '중계기 - AC Power ON'),
	(31, '31', '0', '1~24', '0', '0', '0', '중계기 - 휴즈단선'),
	(32, '32', '0', '1~24', '2', '0', '0', '중계기 - 예비전원이상'),
	(33, '33', '0', '1~24', '4', '0', '0', '중계기 - AC Power OFF'),
	(34, '34', '0', '1~24', '0', '0', '0', '중계기 - 발신기 회로단선'),
	(35, '35', '0', '1~24', '1~24', '0', '0', '중계기 - 연기감지기 등록'),
	(36, '36', '0', '1~24', '1~24', '0', '0', '중계기 - 연기감지기 등록해제'),
	(37, '37', '0', '1~24', '1~24', '0', '0', '중계기 - 연기감지기 동작'),
	(38, '38', '0', '1~24', '1~24', '0', '0', '중계기 - 연기감지기 복구'),
	(39, '39', '0', '1~24', '0', '0', '0', '중계기 - 발신기 동작'),
	(40, '40', '0', '1~24', '0', '0', '0', '중계기 - 발신기 정상'),
	(41, '41', '0', '1~24', '0', '0', '0', '중계기 - 통신 이상'),
	(42, '42', '0', '1~24', '0', '0', '0', '중계기 - 통신 정상'),
	(43, '43', '0', '1~24', '1~24', '0', '0', '중계기 - 연기감지기 통신이상'),
	(44, '44', '0', '1~24', '1~24', '0', '0', '중계기 - 연기감지기 통신정상'),
	(45, '45', '0', '1~24', '1~24', '0', '0', '중계기 - 연기감지기 Low Battery'),
	(46, '46', '0', '1~24', '1~24', '0', '0', '중계기 - 연기감지기 Battery Normal'),
	(47, '47', '0', '1~24', '1~24', '0', '0', '중계기 - 열감지기 등록'),
	(48, '48', '0', '1~24', '1~24', '0', '0', '중계기 - 열감지기 등록해제'),
	(49, '49', '0', '1~24', '1~24', '0', '0', '중계기 - 열감지기 동작'),
	(50, '50', '0', '1~24', '1~24', '0', '0', '중계기 - 열감지기 복구'),
	(51, '51', '0', '1~24', '1~24', '0', '0', '중계기 - 열감지기 통신이상'),
	(52, '52', '0', '1~24', '1~24', '0', '0', '중계기 - 열감지기 통신정상'),
	(53, '53', '0', '1~24', '1~24', '0', '0', '중계기 - 열감지기 Low Battery'),
	(54, '54', '0', '1~24', '1~24', '0', '0', '중계기 - 열감기 Battery Normal'),
	(55, '55', '0', '1~24', '1~24', '0', '0', '중계기 - 복합감지기 등록'),
	(56, '56', '0', '1~24', '1~24', '0', '0', '중계기 - 복합감지기 등록해제'),
	(57, '57', '0', '1~24', '1~24', '0', '0', '중계기 - 복합감지기 연기동작'),
	(58, '58', '0', '1~24', '1~24', '0', '0', '중계기 - 복합감지기 연기복구'),
	(59, '59', '0', '1~24', '1~24', '0', '0', '중계기 - 복합감지기 열동작'),
	(60, '60', '0', '1~24', '1~24', '0', '0', '중계기 - 복합감지기 열복구'),
	(61, '61', '0', '1~24', '1~24', '0', '0', '중계기 - 복합감지기 통신이상'),
	(62, '62', '0', '1~24', '1~24', '0', '0', '증계기 - 복합감지기 통신정상'),
	(63, '63', '0', '1~24', '1~24', '0', '0', '중계기 - 복합감지기 Low Battery'),
	(64, '64', '0', '1~24', '1~24', '0', '0', '중계기 - 복합감지기 Battery Normal'),
	(65, '65', '0', '1~24', '1~24', '0', '0', '중계기 - 불꽃감지기 등록'),
	(66, '66', '0', '1~24', '1~24', '0', '0', '중계기 - 불꽃감지기 등록해제'),
	(67, '67', '0', '1~24', '1~24', '0', '0', '중계기 - 불꽃감지기 동작'),
	(68, '68', '0', '1~24', '1~24', '0', '0', '중계기 - 불꽃감지기 복구'),
	(69, '69', '0', '1~24', '1~24', '0', '0', '중계기 - 불꽃감지기 통신이상'),
	(70, '70', '0', '1~24', '1~24', '0', '0', '중계기 - 불꽃감지기 통신정상'),
	(71, '71', '0', '1~24', '1~24', '0', '0', '중계기 - 불꽃감지기 Low Battery'),
	(72, '72', '0', '1~24', '1~24', '0', '0', '중계기 - 불꽃감지기 Battery Normal'),
	(73, '73', '0', '0', '0', '1', '0', '발신기 신호 발생'),
	(74, '74', '0', '0', '0', '2', '0', '발신기 신호 복구'),
	(75, '75', '1~128', '1~220', '0', '3', '1~4', '계통 - 중계기 - 입력단 화재 발생'),
	(76, '76', '1~128', '1~220', '0', '4', '1~4', '계통 - 중계기 - 입력단 화재 복구'),
	(77, '77', '1~128', '0', '1~220', '5', '0', '계통 - 광전식 아날로그 감지기 예비 화재 발생'),
	(78, '78', '1~128', '0', '1~220', '6', '0', '계통 - 광전식 아날로그 감지기 화재 발생'),
	(79, '79', '1~128', '0', '1~220', '7', '0', '계통 - 정온식 아날로그 감지기 예비 화재 발생'),
	(80, '80', '1~128', '0', '1~220', '8', '0', '계통 - 정온식 아날로그 감지기 화재 발생'),
	(81, '81', '1~128', '1~220', '0', '1', '1~4', '계통 - 중계기 - 입력단 축적 발생'),
	(82, '82', '1~128', '1~220', '0', '2', '1~4', '계통 - 중계기 - 입력단 축적 복구'),
	(83, '83', '1~128', '1~220', '0', '1', '1~4', '계통 - 중계기 - 입력단 가스 발생'),
	(84, '84', '1~128', '1~220', '0', '2', '1~4', '계통 - 중계기 - 입력단 가스 복구'),
	(85, '85', '1~128', '1~220', '0', '1', '1~4', '계통 - 중계기 - 입력단 설비 발생'),
	(86, '86', '1~128', '1~220', '0', '2', '1~4', '계통 - 중계기 - 입력단 설비 복구'),
	(87, '87', '0', '1~18 (펌프)', '0', '3', '1', '펌프 압력 스위치 설비 발생'),
	(88, '88', '0', '1~18 (펌프)', '0', '4', '1', '펌프 압력 스위치 설비 복구'),
	(89, '89', '0', '1~18 (펌프)', '0', '5', '2', '펌프 확인 설비 발생'),
	(90, '90', '0', '1~18 (펌프)', '0', '6', '2', '펌프 확인 설비 복구'),
	(91, '91', '1~128', '1~220', '0', '1', '1~4', '계통 - 중계기 - 입력단 단선 발생'),
	(92, '92', '1~128', '1~220', '0', '2', '1~4', '계통 - 중계기 - 입력단 단선 복구'),
	(93, '93', '0', '1~18 (펌프)', '0', '3', '1', '펌프 압력 스위치 단선'),
	(94, '94', '0', '1~18 (펌프)', '0', '4', '1', '펌프 압력 스위치 단선 복구'),
	(95, '95', '1~128', '1~220', '0', '1', '1~4', '계통 - 중계기 - 입력단 격리 설정'),
	(96, '96', '1~128', '1~220', '0', '2', '1~4', '계통 - 중계기 - 입력단 격리 해제'),
	(97, '97', '1~128', '1~220', '0', '3', '1~4', '계통 - 중계기 - 출력단 차단 설정'),
	(98, '98', '1~128', '1~220', '0', '4', '1~4', '계통 - 중계기 - 출력단 차단 해제'),
	(99, '99', '1~128', '1~220', '0', '1', '1~4', '계통 - 중계기 - 출력단 퓨즈 단선 발생'),
	(100, '100', '1~128', '1~220', '0', '2', '1~4', '계통 - 중계기 - 출력단 퓨즈 단선 복구'),
	(101, '101', '1~128', '1~220', '0', '3', '0', '계통 - 중계기 통신 고장 발생'),
	(102, '102', '1~128', '1~220', '0', '4', '0', '계통 - 중계기 통신 고장 복구 '),
	(103, '103', '1~128', '0', '1~220', '5', '0', '계통 - 광전식 아날로그 감지기 통신 고장 발생'),
	(104, '104', '1~128', '0', '1~220', '6', '0', '계통 - 광전식 아날로그 감지기 통신 고장 복구'),
	(105, '105', '1~128', '0', '1~220', '7', '0', '계통 - 정온식 아날로그 감지기 통신 고장 발생'),
	(106, '106', '1~128', '0', '1~220', '8', '0', '계통 - 정온식 아날로그 감지기 통신 고장 복구'),
	(107, '107', '1~128', '1~220', '0', '9', '0', '계통 - 중계기 전원 이상 발생'),
	(108, '108', '1~128', '1~220', '0', '10', '0', '계통 - 중계기 전원 이상 복구'),
	(109, '109', '0', '0', '0', '1', '0', '스위치 보드 통신 연결 오류'),
	(110, '110', '0', '0', '0', '2', '0', '스위치 보드 통신 연결 오류 복구'),
	(111, '111', '0', '1~3 (MCC 보드)', '0', '3', '0', 'MCC 보드 통신 연결 오류 '),
	(112, '112', '0', '1~3 (MCC 보드)', '0', '4', '0', 'MCC 보드 통신 연결 오류 복구'),
	(113, '113', '0', '1~3 (Relay 보드)', '0', '5', '0', 'Relay 보드 통신 연결 오류'),
	(114, '114', '0', '1~3 (Relay 보드)', '0', '6', '0', 'Relay 보드 통신 연결 오류 복구'),
	(115, '115', '0', '1~5 (Do24 보드)', '0', '7', '0', 'Do24 보드 통신 연결 오류'),
	(116, '116', '0', '1~5 (Do24 보드)', '0', '8', '0', 'Do24 보드 통신 연결 오류 복구'),
	(117, '117', '0', '0', '0', '9', '0', '파워 보드 통신 연결 오류'),
	(118, '118', '0', '0', '0', '10', '0', '파워 보드 통신 연결 오류 복구'),
	(119, '119', '0', '0', '0', '11', '0', '외부 비상방송 통신 연결 오류'),
	(120, '120', '0', '0', '0', '12', '0', '외부 비상방송 통신 연결 오류 복구'),
	(121, '121', '0', '0', '0', '13', '0', '예비전원 고장 발생'),
	(122, '122', '0', '0', '0', '14', '0', '예비전원 고장 복구'),
	(123, '123', '0', '0', '0', '15', '0', '교류전원 고장 발생'),
	(124, '124', '0', '0', '0', '16', '0', '교류전원 고장 복구'),
	(125, '125', '0', '0', '0', '17', '0', '표시등 퓨즈 단선 고장 발생'),
	(126, '126', '0', '0', '0', '18', '0', '표시등 퓨즈 단선 고장 복구'),
	(127, '127', '1~128', '0', '0', '19', '0', '계통 통신 연결 오류'),
	(128, '128', '1~128', '0', '0', '20', '0', '계통 통신 연결 오류 복구'),
	(129, '129', '0', '0', '0', '21', '0', '외부 비상방송 장치와 통신 오류'),
	(130, '130', '0', '0', '0', '22', '0', '외부 비상방송 장치와 통신 오류 복구'),
	(131, '131', '1~128', '1~220', '0', '1', '1~4', '계통 - 중계기 - 출력단 출력 발생'),
	(132, '132', '1~128', '1~220', '0', '2', '1~4', '계통 - 중계기 - 출력단 출력 복구'),
	(133, '133', '0', '1~120', '0', '3', '0', '비상방송 출력 발생'),
	(134, '134', '0', '1~120', '0', '4', '0', '비상방송 출력 복구'),
	(135, '135', '1~ (동)', '0~ (계단)', '0~ (층)', '5', '0', '외부 비상방송 (동,계단,층) 출력 발생'),
	(136, '136', '1~ (동)', '0~ (계단)', '0~ (층)', '6', '0', '외부 비상방송 (동,계단,층) 출력 복구'),
	(137, '137', '0', '0', '0', '1', '0', '예비전원시험 시작'),
	(138, '138', '0', '0', '0', '2', '0', '예비전원시험 성공'),
	(139, '139', '0', '0', '0', '3', '0', '예비전원시험 실패'),
	(140, '140', '0', '0', '0', '4', '0', '수신기 시작'),
	(141, '141', '0', '0', '0', '5', '0', '수신기 종료'),
	(142, '142', '0', '0', '0', '6', '0', '수신기 시간 설정'),
	(143, '143', '0', '0', '0', '7', '0', '외부 전화 신호 발생'),
	(144, '144', '0', '0', '0', '8', '0', '외부 전화 신호 복구'),
	(145, '145', '0', '0', '0', '9', '0', '주음향 발생'),
	(146, '146', '0', '0', '0', '10', '0', '주음향 복구'),
	(147, '147', '0', '0', '0', '11', '0', '기타음향 발생'),
	(148, '148', '0', '0', '0', '12', '0', '기타음향 복구'),
	(149, '149', '0', '0', '0', '13', '0', '폰음향 발생'),
	(150, '150', '0', '0', '0', '14', '0', '폰음향 복구'),
	(151, '151', '0', '0', '0', '15', '0', '예비전원 이상 발생'),
	(152, '152', '0', '0', '0', '16', '0', '예비전원 이상 복구'),
	(153, '153', '0', '0', '0', '17', '0', '예비전원 저전압'),
	(154, '154', '0', '0', '0', '18', '0', '예비전원 저전압 복구'),
	(155, '155', '0', '0', '0', '19', '0', '수신기 복구 시작'),
	(156, '156', '0', '0', '0', '20', '0', '수신기 복구 완료'),
	(157, '157', '0', '0', '0', '21', '0', '자동복구 설정'),
	(158, '158', '0', '0', '0', '22', '0', '자동복구 해제'),
	(159, '159', '0', '10~60 (초)', '0', '23', '0', '축적 설정 (10, 20, 30, 40, 50, 60)'),
	(160, '160', '0', '0', '0', '24', '0', '축적 해제'),
	(161, '161', '0', '10~60 (초)', '0', '25', '0', '축적 시간 변경 (10, 20, 30, 40, 50, 60)'),
	(162, '162', '0', '0', '0', '26', '0', '주음향 정지 ON'),
	(163, '163', '0', '0', '0', '27', '0', '주음향 정지 OFF'),
	(164, '164', '0', '0', '0', '28', '0', '기타음향 정지 ON'),
	(165, '165', '0', '0', '0', '29', '0', '기타음향 정지 OFF'),
	(166, '166', '0', '0', '0', '30', '0', '지구벨 정지 ON'),
	(167, '167', '0', '0', '0', '31', '0', '지구벨 정지 OFF'),
	(168, '168', '0', '0', '0', '32', '0', '싸이렌 정지 ON'),
	(169, '169', '0', '0', '0', '33', '0', '싸이렌 정지 OFF'),
	(170, '170', '0', '0', '0', '34', '0', '비상방송 정지 ON'),
	(171, '171', '0', '0', '0', '35', '0', '비상방송 정지 OFF'),
	(172, '172', '0', '0', '0', '36', '0', '물분무 정지 ON'),
	(173, '173', '0', '0', '0', '37', '0', '물분무 정지 OFF'),
	(174, '174', '0', '0', '0', '38', '0', '제연담파 정지 ON'),
	(175, '175', '0', '0', '0', '39', '0', '제연담파 정지 OFF'),
	(176, '176', '0', '0', '0', '40', '0', '방화샷타 정지 ON'),
	(177, '177', '0', '0', '0', '41', '0', '방화샷타 정지 OFF'),
	(178, '178', '0', '0', '0', '42', '0', '방화문 정지 ON'),
	(179, '179', '0', '0', '0', '43', '0', '방화문 정지 OFF'),
	(180, '180', '0', '0', '0', '44', '0', '유도등 정지 ON'),
	(181, '181', '0', '0', '0', '45', '0', '유도등 정지 OFF'),
	(182, '182', '0', '0', '0', '46', '0', '제연휀 정지 ON'),
	(183, '183', '0', '0', '0', '47', '0', '제연휀 정지 OFF'),
	(184, '184', '0', '0', '0', '48', '0', 'P/V 정지 ON'),
	(185, '185', '0', '0', '0', '49', '0', 'P/V 정지 OFF'),
	(186, '186', '0', '0', '0', '50', '0', '사용자1 정지 ON'),
	(187, '187', '0', '0', '0', '51', '0', '사용자1 정지 OFF'),
	(188, '188', '0', '0', '0', '52', '0', '사용자2 정지 ON'),
	(189, '189', '0', '0', '0', '53', '0', '사용자2 정지 OFF'),
	(190, '190', '0', '0', '0', '54', '0', '사용자3 정지 ON'),
	(191, '191', '0', '0', '0', '55', '0', '사용자3 정지 OFF'),
	(192, '192', '0', '0', '0', '56', '0', '스위치 보드 통신 연결 성공'),
	(193, '193', '0', '1~3 (MCC 보드)', '0', '57', '0', 'MCC 보드 통신 연결 성공'),
	(194, '194', '0', '1~3 (Relay 보드)', '0', '58', '0', 'Relay 보드 통신 연결 성공'),
	(195, '195', '0', '1~5 (Do24 보드)', '0', '59', '0', 'Do24 보드 통신 연결 성공'),
	(196, '196', '0', '0', '0', '60', '0', '파워 보드 통신 연결 성공'),
	(197, '197', '0', '0', '0', '61', '0', '외부 비상방송 통신 연결 성공'),
	(198, '198', '1~128', '0', '0', '62', '0', '계통 통신 연결 성공'),
	(199, '199', '0', '1~18 (펌프)', '0', '1', '0', '펌프 기동 출력 발생'),
	(200, '200', '0', '1~18 (펌프)', '0', '2', '0', '펌프 기동 출력 복구'),
	(201, '201', '0', '1~18 (펌프)', '0', '3', '0', '펌프 수동기동 설정'),
	(202, '202', '0', '1~18 (펌프)', '0', '4', '0', '펌프 정지기동 설정'),
	(203, '203', '0', '1~18 (펌프)', '0', '5', '0', '펌프 자동기동 설정'),
	(204, '204', '0', '0', '0', '1', '0', '주음향 정지 스위치 ON'),
	(205, '205', '0', '0', '0', '2', '0', '주음향 정지 스위치 OFF'),
	(206, '206', '0', '0', '0', '3', '0', '기타음향 정지 스위치 ON'),
	(207, '207', '0', '0', '0', '4', '0', '기타음향 정지 스위치 OFF'),
	(208, '208', '0', '0', '0', '5', '0', '지구벨 정지 스위치 ON'),
	(209, '209', '0', '0', '0', '6', '0', '지구벨 정지 스위치 OFF'),
	(210, '210', '0', '0', '0', '7', '0', '싸이렌 정지 스위치 ON'),
	(211, '211', '0', '0', '0', '8', '0', '싸이렌 정지 스우치 OFF'),
	(212, '212', '0', '0', '0', '9', '0', '비상방송 정지 스위치 ON'),
	(213, '213', '0', '0', '0', '10', '0', '비상방송 정지 스위치 OFF'),
	(214, '214', '0', '0', '0', '11', '0', '물분무 정지 스위치 ON'),
	(215, '215', '0', '0', '0', '12', '0', '물분무 정지 스위치 OFF'),
	(216, '216', '0', '0', '0', '13', '0', '제연담파 정지 스위치 ON'),
	(217, '217', '0', '0', '0', '14', '0', '제연담파 정지 스위치 OFF'),
	(218, '218', '0', '0', '0', '15', '0', '방화샷타 정지 스위치 ON'),
	(219, '219', '0', '0', '0', '16', '0', '방화샷타 정지 스위치 OFF'),
	(220, '220', '0', '0', '0', '17', '0', '방화문 정지 스위치 ON'),
	(221, '221', '0', '0', '0', '18', '0', '방화문 정지 스위치 OFF'),
	(222, '222', '0', '0', '0', '19', '0', '유도등 정지 스위치 ON'),
	(223, '223', '0', '0', '0', '20', '0', '유도등 정지 스위치 OFF'),
	(224, '224', '0', '0', '0', '21', '0', '제연휀 정지 스위치 ON'),
	(225, '225', '0', '0', '0', '22', '0', '제연휀 정지 스위치 OFF'),
	(226, '226', '0', '0', '0', '23', '0', 'P/V 정지 스위치 ON'),
	(227, '227', '0', '0', '0', '24', '0', 'P/V 정지 스위치 OFF'),
	(228, '228', '0', '0', '0', '25', '0', '사용자1 정지 스위치 ON'),
	(229, '229', '0', '0', '0', '26', '0', '사용자1 정지 스위치 OFF'),
	(230, '230', '0', '0', '0', '27', '0', '사용자2 정지 스위치 ON'),
	(231, '231', '0', '0', '0', '28', '0', '사용자2 정지 스위치 OFF'),
	(232, '232', '0', '0', '0', '29', '0', '사용자3 정지 스위치 ON'),
	(233, '233', '0', '0', '0', '30', '0', '사용자3 정지 스위치 OFF'),
	(234, '234', '0', '0', '0', '1', '0', '한전 확인 발생'),
	(235, '235', '0', '0', '0', '2', '0', '한전 확인 복구'),
	(236, '236', '0', '0', '0', '3', '0', '발전 확인 발생'),
	(237, '237', '0', '0', '0', '4', '0', '발전 확인 복구'),
	(238, '238', '0', '1~ (교차회로)', '0', '5', '0', '교차회로 발생'),
	(239, '239', '0', '1~ (교차회로)', '0', '6', '0', '교차회로 발생'),
	(240, '240', '1~128', '0', '1~220', '0~255', '1', '광전식 아날로그 감지기 값 (나누기 10 한 값이 실제 값)'),
	(241, '241', '1~128', '0', '1~220', '0~255', '2', '정온식 아날로그 감지기 값');

-- 테이블 fireprjdb.fire_receiver_tbl 구조 내보내기
CREATE TABLE IF NOT EXISTS `fire_receiver_tbl` (
  `id` int(11) NOT NULL AUTO_INCREMENT,
  `receiver_idx` varchar(20) NOT NULL DEFAULT '',
  `fk_customer_idx` int(11) unsigned NOT NULL DEFAULT 0,
  `receiver_type` int(11) unsigned NOT NULL DEFAULT 0,
  `receiver_id` int(11) unsigned NOT NULL DEFAULT 0,
  PRIMARY KEY (`id`) USING BTREE,
  UNIQUE KEY `id` (`id`)
) ENGINE=InnoDB AUTO_INCREMENT=3 DEFAULT CHARSET=utf8mb4 COLLATE=utf8mb4_general_ci;

-- 테이블 데이터 fireprjdb.fire_receiver_tbl:~2 rows (대략적) 내보내기
INSERT INTO `fire_receiver_tbl` (`id`, `receiver_idx`, `fk_customer_idx`, `receiver_type`, `receiver_id`) VALUES
	(1, '00001_001_001', 1, 1, 1),
	(2, '00001_001_002', 1, 1, 2);

-- 테이블 fireprjdb.fire_repeater_tbl 구조 내보내기
CREATE TABLE IF NOT EXISTS `fire_repeater_tbl` (
  `id` int(11) NOT NULL AUTO_INCREMENT,
  `repeater_idx` varchar(50) NOT NULL DEFAULT '',
  `fk_customer_idx` int(11) unsigned NOT NULL DEFAULT 0,
  `receiver_id` int(11) unsigned NOT NULL DEFAULT 0,
  `system_id` int(11) unsigned NOT NULL DEFAULT 0,
  `repeater_id` int(11) unsigned NOT NULL,
  PRIMARY KEY (`id`),
  UNIQUE KEY `id` (`id`)
) ENGINE=InnoDB AUTO_INCREMENT=5 DEFAULT CHARSET=utf8mb4 COLLATE=utf8mb4_general_ci;

-- 테이블 데이터 fireprjdb.fire_repeater_tbl:~4 rows (대략적) 내보내기
INSERT INTO `fire_repeater_tbl` (`id`, `repeater_idx`, `fk_customer_idx`, `receiver_id`, `system_id`, `repeater_id`) VALUES
	(1, '00001_001_000_001', 1, 1, 0, 1),
	(2, '00001_001_000_002', 1, 1, 0, 2),
	(3, '00001_002_000_003', 1, 2, 0, 3),
	(4, '00001_002_000_004', 1, 2, 0, 4);

-- 테이블 fireprjdb.fire_sensor_tbl 구조 내보내기
CREATE TABLE IF NOT EXISTS `fire_sensor_tbl` (
  `id` int(11) NOT NULL AUTO_INCREMENT,
  `sensor_idx` varchar(50) NOT NULL DEFAULT '',
  `fk_customer_idx` int(11) unsigned NOT NULL DEFAULT 0,
  `receiver_id` int(11) unsigned NOT NULL DEFAULT 0,
  `system_id` int(11) unsigned NOT NULL DEFAULT 0,
  `repeater_id` int(11) unsigned NOT NULL DEFAULT 0,
  `sensor_id` int(11) unsigned NOT NULL DEFAULT 0,
  PRIMARY KEY (`id`),
  UNIQUE KEY `id` (`id`)
) ENGINE=InnoDB AUTO_INCREMENT=21 DEFAULT CHARSET=utf8mb4 COLLATE=utf8mb4_general_ci;

-- 테이블 데이터 fireprjdb.fire_sensor_tbl:~20 rows (대략적) 내보내기
INSERT INTO `fire_sensor_tbl` (`id`, `sensor_idx`, `fk_customer_idx`, `receiver_id`, `system_id`, `repeater_id`, `sensor_id`) VALUES
	(1, '00001_001_000_001_001', 1, 1, 0, 1, 1),
	(2, '00001_001_000_001_002', 1, 1, 0, 1, 2),
	(3, '00001_001_000_001_003', 1, 1, 0, 1, 3),
	(4, '00001_001_000_001_004', 1, 1, 0, 1, 4),
	(5, '00001_001_000_001_005', 1, 1, 0, 1, 5),
	(6, '00001_001_000_002_006', 1, 1, 0, 2, 6),
	(7, '00001_001_000_002_007', 1, 1, 0, 2, 7),
	(8, '00001_001_000_002_008', 1, 1, 0, 2, 8),
	(9, '00001_001_000_002_009', 1, 1, 0, 2, 9),
	(10, '00001_001_000_002_010', 1, 1, 0, 2, 10),
	(11, '00001_002_000_003_011', 1, 2, 0, 3, 11),
	(12, '00001_002_000_003_012', 1, 2, 0, 3, 12),
	(13, '00001_002_000_003_013', 1, 2, 0, 3, 13),
	(14, '00001_002_000_003_014', 1, 2, 0, 3, 14),
	(15, '00001_002_000_003_015', 1, 2, 0, 3, 15),
	(16, '00001_002_000_004_016', 1, 2, 0, 4, 16),
	(17, '00001_002_000_004_017', 1, 2, 0, 4, 17),
	(18, '00001_002_000_004_018', 1, 2, 0, 4, 18),
	(19, '00001_002_000_004_019', 1, 2, 0, 4, 19),
	(20, '00001_002_000_004_020', 1, 2, 0, 4, 20);

-- 테이블 fireprjdb.user_tbl 구조 내보내기
CREATE TABLE IF NOT EXISTS `user_tbl` (
  `id` int(11) NOT NULL AUTO_INCREMENT,
  `user_id` varchar(10) NOT NULL,
  `user_pwd` varchar(1024) NOT NULL,
  `user_name` varchar(45) NOT NULL,
  `user_status` int(11) NOT NULL DEFAULT 1,
  `user_role` int(11) NOT NULL DEFAULT 1,
  `token` varchar(100) DEFAULT NULL,
  PRIMARY KEY (`id`),
  UNIQUE KEY `id` (`id`)
) ENGINE=InnoDB AUTO_INCREMENT=2 DEFAULT CHARSET=utf8mb4 COLLATE=utf8mb4_general_ci;

-- 테이블 데이터 fireprjdb.user_tbl:~1 rows (대략적) 내보내기
INSERT INTO `user_tbl` (`id`, `user_id`, `user_pwd`, `user_name`, `user_status`, `user_role`, `token`) VALUES
	(1, 'admin', 'daef4953b9783365cad6615223720506cc46c5167cd16ab500fa597aa08ff964eb24fb19687f34d7665f778fcb6c5358fc0a5b81e1662cf90f73a2671c53f991', '관리자', 1, 1, 'c3a4ae80f7b692a341483ea57793a3e04b1c990b');

/*!40103 SET TIME_ZONE=IFNULL(@OLD_TIME_ZONE, 'system') */;
/*!40101 SET SQL_MODE=IFNULL(@OLD_SQL_MODE, '') */;
/*!40014 SET FOREIGN_KEY_CHECKS=IFNULL(@OLD_FOREIGN_KEY_CHECKS, 1) */;
/*!40101 SET CHARACTER_SET_CLIENT=@OLD_CHARACTER_SET_CLIENT */;
/*!40111 SET SQL_NOTES=IFNULL(@OLD_SQL_NOTES, 1) */;
